,PatientId,Treatments,Total_Reward,TTP,actions,Model_Name,trained_frame_name
0,1,7,-1.1995350864897008,49,HHHTHTH,spatial_p125_weekly_more_resist,
1,2,5,-0.9496400439976499,35,THHHH,spatial_p125_weekly_more_resist,
2,3,14,-0.448950603300995,98,TTTHHTTHTHTHTH,spatial_p125_weekly_more_resist,
3,4,10,-0.3993402664409085,70,THHTTHTTHH,spatial_p125_weekly_more_resist,
4,5,9,-0.9994751424740534,63,HHTHTHTTH,spatial_p125_weekly_more_resist,
5,7,8,-0.5994151644752023,56,HHTTHTHH,spatial_p125_weekly_more_resist,
6,7,13,-0.049205527818290046,91,THTTTTTTHHHHH,spatial_p125_weekly_more_resist,
7,8,8,-0.5994251629752523,56,HTTHHTHH,spatial_p125_weekly_more_resist,
8,9,9,-0.499410194465554,63,TTHHTHHTH,spatial_p125_weekly_more_resist,
9,10,12,-0.6491603649019686,84,HTTHHTHTTHTH,spatial_p125_weekly_more_resist,
10,11,7,-1.1995350864897008,49,HHHTHTH,spatial_p125_weekly_more_resist,
11,12,15,0.15061452119009983,105,THTTTTHTHHTHTTH,spatial_p125_weekly_more_resist,
12,13,17,-0.1490556867140847,119,TTHTTTTTHHHTHTTTH,spatial_p125_weekly_more_resist,
13,14,5,-0.44973503899765,35,HTHHH,spatial_p125_weekly_more_resist,
14,15,7,-0.6995001129865509,49,HTHHTHH,spatial_p125_weekly_more_resist,
15,16,8,-0.5993751819725023,56,HTHTTHHH,spatial_p125_weekly_more_resist,
16,17,13,-0.5489055863184882,91,THHTTTHTTHTHH,spatial_p125_weekly_more_resist,
17,18,7,-0.6994551264852008,49,HTHTHHH,spatial_p125_weekly_more_resist,
18,19,8,-0.5994351624752523,56,TTHHHTHH,spatial_p125_weekly_more_resist,
19,20,11,-0.7489804363935669,77,THTHTHTTHHH,spatial_p125_weekly_more_resist,
20,21,14,0.05082937623864115,98,TTHHTTTTTTHHHH,spatial_p125_weekly_more_resist,
21,23,5,-0.94968003949765,35,HHTHH,spatial_p125_weekly_more_resist,
22,23,17,-0.5987058671343609,119,THHTTHTTHTTHTTHTH,spatial_p125_weekly_more_resist,
23,24,4,-1.0497450184994999,28,HHHH,spatial_p125_weekly_more_resist,
24,26,17,0.3506692953496373,119,THTTTTTTHTTHHTHTH,spatial_p125_weekly_more_resist,
25,26,7,-0.6994651254852507,49,THTHHHH,spatial_p125_weekly_more_resist,
26,27,9,-0.49931024445430505,63,HTTHTTHHH,spatial_p125_weekly_more_resist,
27,28,5,-0.44974003899765,35,THHHH,spatial_p125_weekly_more_resist,
28,29,8,-0.5994251629752523,56,HTTHHTHH,spatial_p125_weekly_more_resist,
29,30,10,-0.399540211447158,70,HHTTTTTHHH,spatial_p125_weekly_more_resist,
30,31,16,-0.24944042032005315,112,HHTTTTTTHHHTTTTH,spatial_p125_weekly_more_resist,
31,33,9,-0.4993152444543051,63,THTHTTHHH,spatial_p125_weekly_more_resist,
32,33,10,-0.3994302169530569,70,THHTHTTHTH,spatial_p125_weekly_more_resist,
33,34,8,-0.5993951789727022,56,TTHTHHHH,spatial_p125_weekly_more_resist,
34,35,4,-1.0497450184994999,28,HHHH,spatial_p125_weekly_more_resist,
35,36,8,-0.5995101279810519,56,HTHHTHTH,spatial_p125_weekly_more_resist,
36,37,7,-0.6995500949892508,49,THHHHTH,spatial_p125_weekly_more_resist,
37,39,7,-1.1994901044870008,49,HHHTTHH,spatial_p125_weekly_more_resist,
38,39,18,0.45054937182533894,126,THTHTTTTTHTTHHTTTH,spatial_p125_weekly_more_resist,
39,40,8,-0.5994001779727524,56,TTTHHHHH,spatial_p125_weekly_more_resist,
40,41,12,-0.6488455683429781,84,THHTTTTHTHHH,spatial_p125_weekly_more_resist,
41,42,6,-0.7995500799932501,42,THHHHH,spatial_p125_weekly_more_resist,
42,44,9,-0.49944017796820384,63,HTHTHTHTH,spatial_p125_weekly_more_resist,
43,44,10,-0.3993002879364589,70,THTHTTHTHH,spatial_p125_weekly_more_resist,
44,45,8,-0.5994601509765521,56,HHTHTTHH,spatial_p125_weekly_more_resist,
45,46,18,-0.04883609892670199,126,THTTTTHHTTTTTTTHHH,spatial_p125_weekly_more_resist,
46,47,9,-0.9993851919628046,63,HHTHTTTHH,spatial_p125_weekly_more_resist,
47,48,8,-0.5995951014842017,56,HHHTHTTH,spatial_p125_weekly_more_resist,
48,49,14,-0.44919547232324564,98,HTHTHHTTTTTTHH,spatial_p125_weekly_more_resist,
49,50,7,-0.6994601264852008,49,THHTHHH,spatial_p125_weekly_more_resist,
50,51,6,-0.7995400804932501,42,HHTHHH,spatial_p125_weekly_more_resist,
51,52,9,-0.49953514197405335,63,THHHTHTTH,spatial_p125_weekly_more_resist,
52,53,8,-0.5993801819725023,56,THHTTHHH,spatial_p125_weekly_more_resist,
53,54,7,-0.6995450949892508,49,HTHHHTH,spatial_p125_weekly_more_resist,
54,55,9,-0.4993302414545051,63,TTTHHTHHH,spatial_p125_weekly_more_resist,
55,56,13,-0.049195534316490375,91,THTTTTHTTHHHH,spatial_p125_weekly_more_resist,
56,57,10,-0.3993502649409584,70,TTHHTHTTHH,spatial_p125_weekly_more_resist,
57,58,9,-0.49940020396150464,63,HTTHHTTHH,spatial_p125_weekly_more_resist,
58,60,7,-0.6994551264852008,49,HTHTHHH,spatial_p125_weekly_more_resist,
59,60,8,-0.5993801819725023,56,THHTTHHH,spatial_p125_weekly_more_resist,
60,61,7,-1.1995350864897008,49,HHHTHTH,spatial_p125_weekly_more_resist,
61,62,11,-0.29922038739851653,77,TTHTTHTTHHH,spatial_p125_weekly_more_resist,
62,63,10,0.10037979305259205,70,TTTHHTTHHH,spatial_p125_weekly_more_resist,
63,64,10,-0.39935025594590734,70,TTHHTTHHTH,spatial_p125_weekly_more_resist,
64,65,8,-0.5994651414797019,56,HTHTHHTH,spatial_p125_weekly_more_resist,
65,66,9,-0.49941020346150455,63,TTHHHTTHH,spatial_p125_weekly_more_resist,
66,67,7,-1.1994001269852008,49,HHTTHHH,spatial_p125_weekly_more_resist,
67,68,5,-0.44973503899765,35,HTHHH,spatial_p125_weekly_more_resist,
68,69,8,-1.0994101509765524,56,HHTHTTHH,spatial_p125_weekly_more_resist,
69,71,4,-1.0497450184994999,28,HHHH,spatial_p125_weekly_more_resist,
70,71,15,-0.348960661748517,105,HTHTTTTHHTTTTHH,spatial_p125_weekly_more_resist,
71,72,13,-0.04924050082993711,91,TTTTHHTHTHTHH,spatial_p125_weekly_more_resist,
72,73,12,-0.6491603928870723,84,THHHTTHTTTHH,spatial_p125_weekly_more_resist,
73,74,12,-0.19926539938177296,84,HTTTTTHHTTHH,spatial_p125_weekly_more_resist,
74,75,5,-0.44973503899765,35,HTHHH,spatial_p125_weekly_more_resist,
75,77,9,-0.999430164969554,63,HHTHTTHTH,spatial_p125_weekly_more_resist,
76,76,17,0.35055442927616176,119,TTTHHTTTTHHTTHTTH,spatial_p125_weekly_more_resist,
77,78,8,-0.5993851794727023,56,HTTTHHHH,spatial_p125_weekly_more_resist,
78,79,8,-0.5993901804725523,56,TTHHTHHH,spatial_p125_weekly_more_resist,
79,80,10,-0.3993402664409085,70,THHTTHTTHH,spatial_p125_weekly_more_resist,
80,81,4,-1.0497450184994999,28,HHHH,spatial_p125_weekly_more_resist,
81,82,10,-0.39935025494605736,70,THTTHTHHTH,spatial_p125_weekly_more_resist,
82,83,9,-0.4994001949655539,63,HTTHTHHTH,spatial_p125_weekly_more_resist,
83,84,5,-0.44973503899765,35,HTHHH,spatial_p125_weekly_more_resist,
84,85,8,-0.5993901794727023,56,THTTHHHH,spatial_p125_weekly_more_resist,
85,86,11,-1.248825487382268,77,HHTTTTTHHHH,spatial_p125_weekly_more_resist,
86,87,5,-0.44973503899765,35,HTHHH,spatial_p125_weekly_more_resist,
87,88,14,0.05071947469430348,98,TTTTHTHTTHHHTH,spatial_p125_weekly_more_resist,
88,89,10,-0.3994751889598559,70,HTTHHTHTTH,spatial_p125_weekly_more_resist,
89,90,7,-0.6994701249852509,49,TTHHHHH,spatial_p125_weekly_more_resist,
90,91,9,-0.4994851644695538,63,HTHHTTHTH,spatial_p125_weekly_more_resist,
91,92,14,0.05078441822004602,98,TTHTHTTTTHHTHH,spatial_p125_weekly_more_resist,
92,94,7,-0.6995051129865509,49,THHHTHH,spatial_p125_weekly_more_resist,
93,94,10,-0.39935025594590734,70,TTHHTTHHTH,spatial_p125_weekly_more_resist,
94,95,12,-1.1490554428713247,84,HHHTTTTTHTHH,spatial_p125_weekly_more_resist,
95,96,7,-0.6994551264852008,49,HTHTHHH,spatial_p125_weekly_more_resist,
96,99,7,-1.1994901044870008,49,HHHTTHH,spatial_p125_weekly_more_resist,
97,99,15,-0.798800762711275,105,HHTTTTHTHTHTTHH,spatial_p125_weekly_more_resist,
98,100,9,-0.999250245954255,63,HHTTTTHHH,spatial_p125_weekly_more_resist,
99,100,10,-0.3994302069571559,70,HTTHTHHTTH,spatial_p125_weekly_more_resist,
100,101,18,-0.04938562967461113,126,HHTTTTTTTHTTHHTTTH,spatial_p125_weekly_more_resist,
101,102,20,0.20071928039914325,140,HTTHTTTHHTTHTTTHTTTH,spatial_p125_weekly_more_resist,
102,103,9,-0.9994751424740534,63,HHTHTHTTH,spatial_p125_weekly_more_resist,
103,104,9,-0.49930524545425503,63,HTHTTTHHH,spatial_p125_weekly_more_resist,
104,105,11,0.20038975207348678,77,HTTTTHTTHHH,spatial_p125_weekly_more_resist,
105,106,9,-0.4994851554727031,63,HTHTHHTTH,spatial_p125_weekly_more_resist,
106,108,4,-1.0497450184994999,28,HHHH,spatial_p125_weekly_more_resist,
107,108,13,-0.04927046934203472,91,TTHTHTTHHTTHH,spatial_p125_weekly_more_resist,
108,109,14,-0.44924043184483864,98,HTHHTTHTTTTHTH,spatial_p125_weekly_more_resist,
109,110,8,-0.5993901794727023,56,THTTHHHH,spatial_p125_weekly_more_resist,
110,111,15,-0.34920549680585333,105,TTHTHHHTTTTTHTH,spatial_p125_weekly_more_resist,
111,112,4,-1.0497450184994999,28,HHHH,spatial_p125_weekly_more_resist,
112,113,14,-0.44894564477125487,98,TTHTHHTTTTHTHH,spatial_p125_weekly_more_resist,
113,115,9,-0.49949015547270315,63,THHTHHTTH,spatial_p125_weekly_more_resist,
114,115,13,-0.04922552381823997,91,TTTTTTHHTHHHH,spatial_p125_weekly_more_resist,
115,116,8,-1.099500119481502,56,HHHTTHTH,spatial_p125_weekly_more_resist,
116,117,14,-0.44895562378330167,98,TTTHTHHTTHTTHH,spatial_p125_weekly_more_resist,
117,118,16,0.2507043378054077,112,TTHTTHTTHTHTTTHH,spatial_p125_weekly_more_resist,
118,119,9,-0.49940020496145454,63,THHTHTTHH,spatial_p125_weekly_more_resist,
119,120,4,-1.0497450184994999,28,HHHH,spatial_p125_weekly_more_resist,
120,121,8,-0.5993951789727022,56,TTHTHHHH,spatial_p125_weekly_more_resist,
121,122,20,0.6503643574159769,140,TTHTTTHTTTHHTTTTHTTH,spatial_p125_weekly_more_resist,
122,123,12,-0.6491703644019686,84,TTHHHTHTTHTH,spatial_p125_weekly_more_resist,
123,124,10,-1.3492352534436085,70,HHHTHTTTHH,spatial_p125_weekly_more_resist,
124,125,13,-0.5488306467965426,91,HTTTTTHHTTHHH,spatial_p125_weekly_more_resist,
125,126,7,-0.6994651254852507,49,THTHHHH,spatial_p125_weekly_more_resist,
126,127,9,-0.49935022295875475,63,HTHTTHTHH,spatial_p125_weekly_more_resist,
127,128,8,-0.5995551099837515,56,HTHHHTTH,spatial_p125_weekly_more_resist,
128,129,8,-0.5993801819725023,56,THHTTHHH,spatial_p125_weekly_more_resist,
129,130,14,-0.4490455293282887,98,TTTHTHHTTHHTTH,spatial_p125_weekly_more_resist,
130,132,7,-0.6994551264852008,49,HTHTHHH,spatial_p125_weekly_more_resist,
131,132,15,-0.34893066376490744,105,THTTHTTTHTHHTTH,spatial_p125_weekly_more_resist,
132,133,14,-0.44921040237068066,98,THTTHHTHTHTTTH,spatial_p125_weekly_more_resist,
133,134,13,-0.049195531317240054,91,HTTTTTTHTHHHH,spatial_p125_weekly_more_resist,
134,136,14,-0.4491504948187459,98,HTHTHTHTTTTTHH,spatial_p125_weekly_more_resist,
135,136,5,-0.94968003949765,35,HHTHH,spatial_p125_weekly_more_resist,
136,140,4,-1.0497450184994999,28,HHHH,spatial_p125_weekly_more_resist,
137,140,4,-1.0497450184994999,28,HHHH,spatial_p125_weekly_more_resist,
138,140,19,0.10088912298521314,133,THTHTTTHHTHTTTTTTHH,spatial_p125_weekly_more_resist,
139,140,4,-1.0497450184994999,28,HHHH,spatial_p125_weekly_more_resist,
140,141,10,-0.3995651539656554,70,THHHTHTTTH,spatial_p125_weekly_more_resist,
141,142,4,-1.0497450184994999,28,HHHH,spatial_p125_weekly_more_resist,
142,143,4,-0.5497950184995,28,HHHH,spatial_p125_weekly_more_resist,
143,144,10,-0.39944021545310693,70,TTHHHTTHTH,spatial_p125_weekly_more_resist,
144,145,11,-0.29940526043681015,77,TTTHTHHHTTH,spatial_p125_weekly_more_resist,
145,146,12,-0.6489654978630248,84,TTTTHHHTHTHH,spatial_p125_weekly_more_resist,
146,147,9,-0.49949515447275317,63,THTHHHTTH,spatial_p125_weekly_more_resist,
147,148,10,-0.3992753084306596,70,TTHTTTHHHH,spatial_p125_weekly_more_resist,
148,149,15,-0.8492204148465915,105,HHTTHTTHTTHTTTH,spatial_p125_weekly_more_resist,
149,150,5,-0.44974003899765,35,THHHH,spatial_p125_weekly_more_resist,
150,151,4,-1.0497450184994999,28,HHHH,spatial_p125_weekly_more_resist,
151,152,9,-0.9995201334745033,63,HHHTTHTTH,spatial_p125_weekly_more_resist,
152,153,17,0.35071423139142077,119,THTTTTTTTHHTHTTHH,spatial_p125_weekly_more_resist,
153,154,9,-0.4994101934657039,63,THTTHHHTH,spatial_p125_weekly_more_resist,
154,155,10,-0.3993452549460573,70,HTTTHTHHTH,spatial_p125_weekly_more_resist,
155,156,5,-0.44973503899765,35,HTHHH,spatial_p125_weekly_more_resist,
156,157,16,-0.748995708689493,112,HHTTHTTTTTHTTTHH,spatial_p125_weekly_more_resist,
157,158,16,0.2507043592873658,112,HTTTTHTTTTHHTHTH,spatial_p125_weekly_more_resist,
158,159,8,-1.0993201824725025,56,HHTTTHHH,spatial_p125_weekly_more_resist,
159,160,13,-0.5492553708859743,91,HHHTTTTHTHTTH,spatial_p125_weekly_more_resist,
160,161,8,-0.5994351624752523,56,TTHHHTHH,spatial_p125_weekly_more_resist,
161,162,10,-0.3994352159531068,70,THTHHTTHTH,spatial_p125_weekly_more_resist,
162,163,4,-0.5497950184995,28,HHHH,spatial_p125_weekly_more_resist,
163,164,16,0.25053950322218443,112,TTTTTTHHHHTTHTTH,spatial_p125_weekly_more_resist,
164,165,16,0.250794248349145,112,HTTTTTTHHTTTHTHH,spatial_p125_weekly_more_resist,
165,166,9,-0.49944017796820384,63,HTHTHTHTH,spatial_p125_weekly_more_resist,
166,167,4,-1.0497450184994999,28,HHHH,spatial_p125_weekly_more_resist,
167,168,16,0.2506793498025581,112,TTTTHTTHTHHTTTHH,spatial_p125_weekly_more_resist,
168,169,5,-0.94968003949765,35,HHTHH,spatial_p125_weekly_more_resist,
169,170,9,-0.49939019646550387,63,HHTTTHHTH,spatial_p125_weekly_more_resist,
170,171,19,0.5504643348845567,133,TTTTTTHTHTHTTHHTTTH,spatial_p125_weekly_more_resist,
171,172,8,-0.5994651414797019,56,HTHTHHTH,spatial_p125_weekly_more_resist,
172,174,9,-0.49937521895900483,63,TTTHHHTHH,spatial_p125_weekly_more_resist,
173,174,5,-0.44974003899765,35,THHHH,spatial_p125_weekly_more_resist,
174,175,9,-0.49949016446955385,63,THHHTTHTH,spatial_p125_weekly_more_resist,
175,176,12,-0.1993303558981692,84,TTTTHTHHTHTH,spatial_p125_weekly_more_resist,
176,177,4,-1.0497450184994999,28,HHHH,spatial_p125_weekly_more_resist,
177,178,12,-0.6490704243857206,84,THHTHTTTHHTH,spatial_p125_weekly_more_resist,
178,179,11,-0.7491653369169642,77,TTHHHHTTTHH,spatial_p125_weekly_more_resist,
179,180,9,-0.9993851919628046,63,HHTHTTTHH,spatial_p125_weekly_more_resist,
180,182,15,0.15077933777952368,105,TTTHTTHTTHTHTHH,spatial_p125_weekly_more_resist,
181,181,9,-0.4995301419740533,63,HTHHTHTTH,spatial_p125_weekly_more_resist,
182,183,14,-0.44903555780529747,98,THTTTHHHTTTTHH,spatial_p125_weekly_more_resist,
183,184,15,-0.3490156322608623,105,HTTTHHTTTTHTHTH,spatial_p125_weekly_more_resist,
184,185,4,-1.0497450184994999,28,HHHH,spatial_p125_weekly_more_resist,
185,186,11,-0.7491753823997667,77,HHTTTTTHHHH,spatial_p125_weekly_more_resist,
186,187,9,-0.999250245954255,63,HHTTTTHHH,spatial_p125_weekly_more_resist,
187,188,8,-0.5994351624752523,56,TTHHHTHH,spatial_p125_weekly_more_resist,
188,189,11,-0.7489754373935169,77,THHTTHTTHHH,spatial_p125_weekly_more_resist,
189,190,8,-0.5994651414797019,56,HTHTHHTH,spatial_p125_weekly_more_resist,
190,191,7,-0.6994601264852008,49,THHTHHH,spatial_p125_weekly_more_resist,
191,193,8,-1.0993651644752025,56,HHTTHTHH,spatial_p125_weekly_more_resist,
192,193,18,0.00100911044284617,126,THHTTTTTHHHTTTTTHH,spatial_p125_weekly_more_resist,
193,194,10,-0.399470189959806,70,HTHTHTHTTH,spatial_p125_weekly_more_resist,
194,196,9,-0.999430164969554,63,HHTHTTHTH,spatial_p125_weekly_more_resist,
195,196,10,-0.39939523245055697,70,THTTHHTHTH,spatial_p125_weekly_more_resist,
196,197,16,0.25074427683924716,112,TTTTHTTTTTHHHTHH,spatial_p125_weekly_more_resist,
197,198,13,-0.5490055173432821,91,TTHHTHTTTHHTH,spatial_p125_weekly_more_resist,
198,199,10,-0.3994302079571058,70,THHTTHHTTH,spatial_p125_weekly_more_resist,
199,200,13,-0.04926548733303679,91,TTTTTTHHHHTHH,spatial_p125_weekly_more_resist,
200,203,7,-0.6994601264852008,49,THHTHHH,spatial_p125_weekly_more_resist,
201,201,8,-1.0994101509765524,56,HHTHTTHH,spatial_p125_weekly_more_resist,
202,203,7,-0.6994601264852008,49,THHTHHH,spatial_p125_weekly_more_resist,
203,204,11,-0.7490654058975666,77,THHHTTTTHHH,spatial_p125_weekly_more_resist,
204,205,8,-0.5994751404797519,56,THTHHHTH,spatial_p125_weekly_more_resist,
205,206,14,-0.44923543234483876,98,HHTHTTHTTTTHTH,spatial_p125_weekly_more_resist,
206,207,13,-0.5490155013515802,91,TTTHHTHTHTHTH,spatial_p125_weekly_more_resist,
207,208,11,-0.29942524394075987,77,THHTTHTHTTH,spatial_p125_weekly_more_resist,
208,209,12,-0.6489755008569268,84,HTHTHTTTTHHH,spatial_p125_weekly_more_resist,
209,210,12,-1.1491004113807732,84,HHHTTTTHTTHH,spatial_p125_weekly_more_resist,
210,212,10,-0.8491652924391582,70,THTHHHTTHH,spatial_p125_weekly_more_resist,
211,212,15,0.1508042983020167,105,TTTTTHTTHHTTHHH,spatial_p125_weekly_more_resist,
212,213,5,-0.44974003899765,35,THHHH,spatial_p125_weekly_more_resist,
213,214,5,-0.9497250304981001,35,HHHTH,spatial_p125_weekly_more_resist,
214,215,9,-0.9993851919628046,63,HHTHTTTHH,spatial_p125_weekly_more_resist,
215,216,5,-0.9497250304981001,35,HHHTH,spatial_p125_weekly_more_resist,
216,217,10,-0.3993602534461075,70,TTTHHTHHTH,spatial_p125_weekly_more_resist,
217,218,6,-0.8495850714937003,42,THHTHH,spatial_p125_weekly_more_resist,
218,219,10,-0.39931028443690886,70,THTTTHHTHH,spatial_p125_weekly_more_resist,
219,220,9,-0.49940520396150456,63,THTHHTTHH,spatial_p125_weekly_more_resist,
220,221,14,0.0506595381686592,98,THTTTHTHHTTHTH,spatial_p125_weekly_more_resist,
221,222,13,-0.5491304233720774,91,HTTHTHHTTTHTH,spatial_p125_weekly_more_resist,
222,223,9,-0.4994001949655539,63,HTTHTHHTH,spatial_p125_weekly_more_resist,
223,224,13,-0.5488706253023418,91,TTHHTTHTTTHHH,spatial_p125_weekly_more_resist,
224,225,7,-1.1994901044870008,49,HHHTTHH,spatial_p125_weekly_more_resist,
225,226,16,-0.2491456172250851,112,HTTHTHTHTTTTTTHH,spatial_p125_weekly_more_resist,
226,227,15,-0.34902063226086233,105,THTTHHTTTTHTHTH,spatial_p125_weekly_more_resist,
227,228,15,-0.3489157112264727,105,HTHTTTHTTTHTTHH,spatial_p125_weekly_more_resist,
228,229,14,0.05076942871744634,98,THTTTTTTHHHTHH,spatial_p125_weekly_more_resist,
229,230,9,-0.499415192965704,63,TTHTHHHTH,spatial_p125_weekly_more_resist,
230,231,14,-0.4491205113160961,98,TTHHTHHTTTTTHH,spatial_p125_weekly_more_resist,
231,232,4,-1.0497450184994999,28,HHHH,spatial_p125_weekly_more_resist,
232,233,8,-0.5994801399797519,56,TTHHHHTH,spatial_p125_weekly_more_resist,
233,234,19,0.5504743059178376,133,TTTHTTTTTHHHTTTTHTH,spatial_p125_weekly_more_resist,
234,235,4,-1.0497450184994999,28,HHHH,spatial_p125_weekly_more_resist,
235,236,12,-1.1492353214082183,84,HHHTTHTTTHTH,spatial_p125_weekly_more_resist,
236,237,25,0.20069900677223412,175,TTTHHHTTTTHTTTTTHTTTHTTTH,spatial_p125_weekly_more_resist,
237,238,9,-0.49930524545425503,63,HTHTTTHHH,spatial_p125_weekly_more_resist,
238,240,7,-0.6994651254852507,49,THTHHHH,spatial_p125_weekly_more_resist,
239,240,9,-0.49931024545425506,63,THHTTTHHH,spatial_p125_weekly_more_resist,
240,241,15,0.15071440674483455,105,TTTHTTTTTHHHHTH,spatial_p125_weekly_more_resist,
241,242,7,-0.6995001129865509,49,HTHHTHH,spatial_p125_weekly_more_resist,
242,243,7,-0.6995001129865509,49,HTHHTHH,spatial_p125_weekly_more_resist,
243,244,7,-0.6995500949892508,49,THHHHTH,spatial_p125_weekly_more_resist,
244,245,13,-0.5490604788560799,91,TTTHHHTTHTHTH,spatial_p125_weekly_more_resist,
245,246,6,-0.7995450799932501,42,HTHHHH,spatial_p125_weekly_more_resist,
246,247,4,-1.0497450184994999,28,HHHH,spatial_p125_weekly_more_resist,
247,249,13,-0.0493703793792753,91,TTHTTTHHHHTTH,spatial_p125_weekly_more_resist,
248,249,17,0.3506842543755784,119,TTTTTTHTHTTTHHHTH,spatial_p125_weekly_more_resist,
249,250,11,-0.7490853749099646,77,TTTHHHHTTHH,spatial_p125_weekly_more_resist,
250,251,18,-0.49858128634847176,126,HHTTTTTTTTHTHTTHHH,spatial_p125_weekly_more_resist,
251,253,9,-0.4994401914628045,63,HTHHTTTHH,spatial_p125_weekly_more_resist,
252,253,9,-0.49931524295445506,63,HTTTHTHHH,spatial_p125_weekly_more_resist,
253,254,10,-0.8993252489436084,70,HHTTHTTTHH,spatial_p125_weekly_more_resist,
254,255,9,-0.4994451914628045,63,THHHTTTHH,spatial_p125_weekly_more_resist,
255,256,10,-0.39940023195055696,70,TTHTHHTHTH,spatial_p125_weekly_more_resist,
256,257,8,-1.0994551419770024,56,HHHTTTHH,spatial_p125_weekly_more_resist,
257,258,9,-0.9994301829632545,63,HHHTTTTHH,spatial_p125_weekly_more_resist,
258,259,15,-0.349010606780955,105,HTTHTTHTTTHHTTH,spatial_p125_weekly_more_resist,
259,260,7,-1.1994901044870008,49,HHHTTHH,spatial_p125_weekly_more_resist,
260,261,12,-0.6488555658431786,84,THTTHTTHTHHH,spatial_p125_weekly_more_resist,
261,262,9,-0.9992952234587548,63,HHTTTHTHH,spatial_p125_weekly_more_resist,
262,263,22,0.8504389857751266,154,THTTTHTTTTTHTTTHTTTTHH,spatial_p125_weekly_more_resist,
263,264,9,-0.4993202439543051,63,TTHHTTHHH,spatial_p125_weekly_more_resist,
264,265,5,-0.9496400439976499,35,THHHH,spatial_p125_weekly_more_resist,
265,266,9,-0.999250245954255,63,HHTTTTHHH,spatial_p125_weekly_more_resist,
266,267,13,-0.5488606123117885,91,HTTHTTTHTHTHH,spatial_p125_weekly_more_resist,
267,268,10,-0.39926531143015964,70,THTTTHTHHH,spatial_p125_weekly_more_resist,
268,269,9,-0.49949015547270315,63,THHTHHTTH,spatial_p125_weekly_more_resist,
269,270,4,-0.5497950184995,28,HHHH,spatial_p125_weekly_more_resist,
270,271,22,0.8505837050018149,154,TTTTTHTHTTTTHTTTTTTHHH,spatial_p125_weekly_more_resist,
271,272,16,-0.24900570819848972,112,HTHTTTHTTHTTTTHH,spatial_p125_weekly_more_resist,
272,273,10,-0.39935025594590734,70,TTHHTTHHTH,spatial_p125_weekly_more_resist,
273,274,9,-0.4994401914628045,63,HTHHTTTHH,spatial_p125_weekly_more_resist,
274,275,15,0.15064447471464232,105,TTTTHTHTHHTTHTH,spatial_p125_weekly_more_resist,
275,276,15,-0.34919545383944217,105,THTHTTHHTTHTTTH,spatial_p125_weekly_more_resist,
276,277,11,-0.7489804258986661,77,HTTTHTHHTHH,spatial_p125_weekly_more_resist,
277,278,18,0.4505842584173979,126,TTTTTHTTTHHHTTTTHH,spatial_p125_weekly_more_resist,
278,279,9,-0.4994051949655539,63,THTHTHHTH,spatial_p125_weekly_more_resist,
279,280,6,-1.2995350714937004,42,HHHTHH,spatial_p125_weekly_more_resist,
280,281,5,-0.94968003949765,35,HHTHH,spatial_p125_weekly_more_resist,
281,282,12,-0.19928538738872062,84,TTTTHTHTHHTH,spatial_p125_weekly_more_resist,
282,283,13,-0.5489605458315858,91,HTTTTHHTHTTHH,spatial_p125_weekly_more_resist,
283,284,13,-0.5488756223027921,91,THTTTHHTTTHHH,spatial_p125_weekly_more_resist,
284,285,9,-0.49933024045475516,63,TTHTTHHHH,spatial_p125_weekly_more_resist,
285,286,19,-0.3986311299387971,133,TTHHTHTTTTTHTHTTHTH,spatial_p125_weekly_more_resist,
286,287,5,-0.9497250304981001,35,HHHTH,spatial_p125_weekly_more_resist,
287,288,16,0.2507143193111083,112,TTTTTHTTHHTTHHTH,spatial_p125_weekly_more_resist,
288,289,12,0.3003847085990794,84,HTTTHTTTTHHH,spatial_p125_weekly_more_resist,
289,291,5,-0.44973503899765,35,HTHHH,spatial_p125_weekly_more_resist,
290,291,17,-0.5985660020641851,119,HTHTTTHTHTTTHTTHH,spatial_p125_weekly_more_resist,
291,292,11,-0.7490154193962169,77,HTHTHTTTHHH,spatial_p125_weekly_more_resist,
292,293,8,-0.5995151279810518,56,THHHTHTH,spatial_p125_weekly_more_resist,
293,294,9,-0.49944017796820384,63,HTHTHTHTH,spatial_p125_weekly_more_resist,
294,295,8,-1.099500119481502,56,HHHTTHTH,spatial_p125_weekly_more_resist,
295,296,20,0.6507388447613296,140,HTTTHTTTTTTHTTTTTHHH,spatial_p125_weekly_more_resist,
296,297,9,-0.49945517646825366,63,TTHHHTHTH,spatial_p125_weekly_more_resist,
297,298,5,-0.9496350439976499,35,HTHHH,spatial_p125_weekly_more_resist,
298,299,14,-0.44924542184803806,98,HTTHHHTTTTTHTH,spatial_p125_weekly_more_resist,
299,300,10,-0.8992402624458573,70,THHTTTHHTH,spatial_p125_weekly_more_resist,
300,301,14,0.05066954616046233,98,THHTTTTTHHHTTH,spatial_p125_weekly_more_resist,
301,302,18,-0.49867110643065105,126,HHTTHTHTTTTTTTTHHH,spatial_p125_weekly_more_resist,
302,303,14,-0.9488256482845486,98,HHTTTTTHTTHHTH,spatial_p125_weekly_more_resist,
303,304,9,-0.49949515447275317,63,THTHHHTTH,spatial_p125_weekly_more_resist,
304,305,8,-0.5993801819725023,56,THHTTHHH,spatial_p125_weekly_more_resist,
305,306,17,-0.14898076117414805,119,HTTTHTTTHTTHTHTTH,spatial_p125_weekly_more_resist,
306,307,10,-0.8994601679643056,70,HHTTHHTTTH,spatial_p125_weekly_more_resist,
307,308,12,-0.6489455173542773,84,TTHHTHTTTHHH,spatial_p125_weekly_more_resist,
308,309,8,-0.5995551099837515,56,HTHHHTTH,spatial_p125_weekly_more_resist,
309,310,11,-0.29925037490076645,77,TTTTTTHHHHH,spatial_p125_weekly_more_resist,
310,311,7,-0.6994601254852508,49,HTTHHHH,spatial_p125_weekly_more_resist,
311,312,4,-1.0497450184994999,28,HHHH,spatial_p125_weekly_more_resist,
312,313,20,0.20094895410101474,140,TTTTTHHHTHTTTTHTTHTH,spatial_p125_weekly_more_resist,
313,314,20,0.6503543793926898,140,TTTHTTTHTTHTHTTHTTTH,spatial_p125_weekly_more_resist,
314,315,5,-0.94968003949765,35,HHTHH,spatial_p125_weekly_more_resist,
315,316,9,-0.4994801829632546,63,HHHTTTTHH,spatial_p125_weekly_more_resist,
316,317,6,-0.7995500799932501,42,THHHHH,spatial_p125_weekly_more_resist,
317,320,10,-0.39943520695715584,70,THTHTHHTTH,spatial_p125_weekly_more_resist,
318,320,6,-0.7995450799932501,42,HTHHHH,spatial_p125_weekly_more_resist,
319,320,15,-0.3491904638344433,105,THHTTHTTHTHTTTH,spatial_p125_weekly_more_resist,
320,321,10,-0.39925531342985965,70,HTTTHTTHHH,spatial_p125_weekly_more_resist,
321,322,15,-0.3487458631653375,105,THTHTTTTHTTTHHH,spatial_p125_weekly_more_resist,
322,323,7,-0.6994951134865509,49,HHTHTHH,spatial_p125_weekly_more_resist,
323,325,7,-0.6995001129865509,49,HTHHTHH,spatial_p125_weekly_more_resist,
324,325,13,-0.04918553831509059,91,HTTTTTHTHTHHH,spatial_p125_weekly_more_resist,
325,326,16,0.2508242048741365,112,THTTTTHTTTTHTHHH,spatial_p125_weekly_more_resist,
326,328,9,-0.49942019196575393,63,TTTHHHHTH,spatial_p125_weekly_more_resist,
327,328,12,-0.6491804278730744,84,HHTTTTTHHTHH,spatial_p125_weekly_more_resist,
328,329,16,-0.698695819671095,112,HTTHTHTHTTHTTTHH,spatial_p125_weekly_more_resist,
329,330,13,-0.5491754378558324,91,THHHTTHTTTTHH,spatial_p125_weekly_more_resist,
330,331,9,-0.4994501769682538,63,THTHHTHTH,spatial_p125_weekly_more_resist,
331,332,6,-0.7995400804932501,42,HHTHHH,spatial_p125_weekly_more_resist,
332,334,9,-0.49940020496145454,63,THHTHTTHH,spatial_p125_weekly_more_resist,
333,334,13,-0.049220526317740126,91,TTTTTHTHTHHHH,spatial_p125_weekly_more_resist,
334,335,14,-0.44899056681384275,98,THTTTHTHHTTHTH,spatial_p125_weekly_more_resist,
335,336,13,-0.5488706253023418,91,TTHHTTHTTTHHH,spatial_p125_weekly_more_resist,
336,338,13,-0.5489555628230377,91,THTHTHTTTHTHH,spatial_p125_weekly_more_resist,
337,338,13,-0.5490404998459824,91,HTTHHTTTTHHTH,spatial_p125_weekly_more_resist,
338,339,8,-0.5993851809725523,56,THTHTHHH,spatial_p125_weekly_more_resist,
339,340,11,-1.2490053884056653,77,HHTTHTTHTHH,spatial_p125_weekly_more_resist,
340,341,21,0.7505638997907421,147,TTTTHTTTTTTHTTTTHHTHH,spatial_p125_weekly_more_resist,
341,343,17,0.35057940329670223,119,THHTTTTTHHTTTTHTH,spatial_p125_weekly_more_resist,
342,343,9,-0.4993652204589548,63,THTTHHTHH,spatial_p125_weekly_more_resist,
343,344,15,0.15074937526122884,105,TTHTTHTTHTHTTHH,spatial_p125_weekly_more_resist,
344,345,8,-0.5994701404797519,56,HTTHHHTH,spatial_p125_weekly_more_resist,
345,346,16,0.2505445192133364,112,THTHTTTHHTTTHTTH,spatial_p125_weekly_more_resist,
346,347,15,-0.34906058278560453,105,HTTTHHTTTTHHTTH,spatial_p125_weekly_more_resist,
347,348,15,0.150574562170655,105,TTHTHTTTHHHTTTH,spatial_p125_weekly_more_resist,
348,349,9,-0.49930524545425503,63,HTHTTTHHH,spatial_p125_weekly_more_resist,
349,350,15,0.15056456916910527,105,THTTTTTHHHHTTTH,spatial_p125_weekly_more_resist,
350,351,13,-0.5489605488311357,91,TTHHTTHTHTTHH,spatial_p125_weekly_more_resist,
351,352,13,-0.5490105158434323,91,TTHTHHTTTHHTH,spatial_p125_weekly_more_resist,
352,353,8,-0.5994251639752023,56,THHTHTHH,spatial_p125_weekly_more_resist,
353,354,11,0.20040474757398677,77,HTHTTTTTHHH,spatial_p125_weekly_more_resist,
354,355,5,-0.94968003949765,35,HHTHH,spatial_p125_weekly_more_resist,
355,357,13,-0.549220415360332,91,THHHTHTTTTTHH,spatial_p125_weekly_more_resist,
356,357,10,-0.3992603114301596,70,HTTTTHTHHH,spatial_p125_weekly_more_resist,
357,358,17,0.3506293403376361,119,HTHTTTTTHHTTTTTHH,spatial_p125_weekly_more_resist,
358,360,7,-1.1994001269852008,49,HHTTHHH,spatial_p125_weekly_more_resist,
359,360,4,-1.0497450184994999,28,HHHH,spatial_p125_weekly_more_resist,
360,361,8,-0.5994001779727524,56,TTTHHHHH,spatial_p125_weekly_more_resist,
361,362,6,-1.2994900804932503,42,HHTHHH,spatial_p125_weekly_more_resist,
362,364,16,0.2507243103201534,112,TTHTTTTTHTHHTTHH,spatial_p125_weekly_more_resist,
363,364,15,-0.34871589515319,105,TTHTTHTTTHTTHHH,spatial_p125_weekly_more_resist,
364,365,10,-0.39928030843035967,70,TTTTHHTHHH,spatial_p125_weekly_more_resist,
365,366,7,-0.6995051129865509,49,THHHTHH,spatial_p125_weekly_more_resist,
366,367,9,-0.4994851644695538,63,HTHHTTHTH,spatial_p125_weekly_more_resist,
367,368,9,-0.9994301559727031,63,HHTTHHTTH,spatial_p125_weekly_more_resist,
368,370,4,-1.0497450184994999,28,HHHH,spatial_p125_weekly_more_resist,
369,370,14,-0.4489905952959977,98,TTHTHHTTTTHHTH,spatial_p125_weekly_more_resist,
370,371,12,-1.1491004113807732,84,HHHTTTTHTTHH,spatial_p125_weekly_more_resist,
371,373,16,-0.24901071270163558,112,THHTTHTTTTTHTHTH,spatial_p125_weekly_more_resist,
372,373,9,-0.49932524095475506,63,THTTTHHHH,spatial_p125_weekly_more_resist,
373,374,12,-0.1992154333718245,84,HTTTTHTTHTHH,spatial_p125_weekly_more_resist,
374,375,9,-0.49941020346150455,63,TTHHHTTHH,spatial_p125_weekly_more_resist,
375,376,11,-0.24929534840896514,77,TTHTTHHHTHH,spatial_p125_weekly_more_resist,
376,377,22,-0.09935574049408535,154,THHHTHTTTTTTTHTTTHTTTH,spatial_p125_weekly_more_resist,
377,378,15,0.1507293947490837,105,TTTHTTTHTHTHHTH,spatial_p125_weekly_more_resist,
378,379,14,0.05080938023929084,98,TTTTHTHTTHTHHH,spatial_p125_weekly_more_resist,
379,380,8,-0.5993901804725523,56,TTHHTHHH,spatial_p125_weekly_more_resist,
380,381,13,-0.548885620802842,91,TTTHTHHTTTHHH,spatial_p125_weekly_more_resist,
381,382,13,-0.5489655608231877,91,TTHTHHTTTHTHH,spatial_p125_weekly_more_resist,
382,383,4,-0.5497950184995,28,HHHH,spatial_p125_weekly_more_resist,
383,384,19,0.10134859826427148,133,HTTTTTHTTTTTHTHHTHH,spatial_p125_weekly_more_resist,
384,385,13,-1.0489355463256875,91,HHTTHTTTTHTHH,spatial_p125_weekly_more_resist,
385,386,12,-0.6490204648695246,84,HTHTHTTTHTHH,spatial_p125_weekly_more_resist,
386,387,22,0.4007240071667437,154,TTTTTTHHTTHHHTTTTTTHTH,spatial_p125_weekly_more_resist,
387,388,18,-0.04908586304536139,126,THHTHTTTTTTTHTTTHH,spatial_p125_weekly_more_resist,
388,389,16,0.25073931331015886,112,TTHTHTTTTTTHHHTH,spatial_p125_weekly_more_resist,
389,390,18,-0.4987610839324509,126,HHHTTTHTTTTTTTTHHH,spatial_p125_weekly_more_resist,
390,391,10,-0.39940023195055696,70,TTHTHHTHTH,spatial_p125_weekly_more_resist,
391,392,15,-0.34905562924991795,105,HTTHHTTTTHTTTHH,spatial_p125_weekly_more_resist,
392,393,7,-1.1994451134865507,49,HHTHTHH,spatial_p125_weekly_more_resist,
393,394,8,-0.5994701404797519,56,HTTHHHTH,spatial_p125_weekly_more_resist,
394,395,9,-0.9995201334745033,63,HHHTTHTTH,spatial_p125_weekly_more_resist,
395,396,5,-0.44973503899765,35,HTHHH,spatial_p125_weekly_more_resist,
396,398,8,-0.5994651504765522,56,HTHHTTHH,spatial_p125_weekly_more_resist,
397,398,17,-0.6490058136091748,119,HHTHTTTTTTTTTHHTH,spatial_p125_weekly_more_resist,
398,399,7,-1.1994001269852008,49,HHTTHHH,spatial_p125_weekly_more_resist,
399,400,6,-0.8497150444955002,42,HHHTTH,spatial_p125_weekly_more_resist,
400,402,9,-0.49937521895900483,63,TTTHHHTHH,spatial_p125_weekly_more_resist,
401,402,4,-1.0497450184994999,28,HHHH,spatial_p125_weekly_more_resist,
402,403,30,1.6490300903513253,210,HTTTTHTTTHTTTTTTTHTTTHTTTTTTTH,spatial_p125_weekly_more_resist,
403,404,7,-1.1994451134865507,49,HHTHTHH,spatial_p125_weekly_more_resist,
404,406,9,-0.4993602219588048,63,THTHTHTHH,spatial_p125_weekly_more_resist,
405,406,16,-0.2490656832031893,112,THTTHHTTTHTTTTHH,spatial_p125_weekly_more_resist,
406,407,17,0.35070424337817796,119,TTTTHTHTTTTTHHHTH,spatial_p125_weekly_more_resist,
407,408,5,-0.44973503899765,35,HTHHH,spatial_p125_weekly_more_resist,
408,409,9,-0.4993202439543051,63,TTHHTTHHH,spatial_p125_weekly_more_resist,
409,410,9,-0.4994101934657039,63,THTTHHHTH,spatial_p125_weekly_more_resist,
410,411,8,-0.5995101279810519,56,HTHHTHTH,spatial_p125_weekly_more_resist,
411,412,19,0.5507639376497458,133,HTTTTTTHTTTHTTTTHHH,spatial_p125_weekly_more_resist,
412,413,5,-0.44974003899765,35,THHHH,spatial_p125_weekly_more_resist,
413,414,19,0.5505991145448367,133,TTTTTTTTTHTHTHHTTHH,spatial_p125_weekly_more_resist,
414,415,14,0.0508493742386911,98,HHTTTTTTTTHHHH,spatial_p125_weekly_more_resist,
415,416,23,0.5008487129025762,161,TTTTTTTTHTHHTTHHTTTTHTH,spatial_p125_weekly_more_resist,
416,417,24,1.0501390568668287,168,TTTTTTTTTTTTTTHHTTHHHTTH,spatial_p125_weekly_more_resist,
417,419,16,0.2507143218096088,112,TTTTHTTTHTHTHHTH,spatial_p125_weekly_more_resist,
418,419,12,-0.6491603928870723,84,THHHTTHTTTHH,spatial_p125_weekly_more_resist,
419,421,8,-0.5993901804725523,56,TTHHTHHH,spatial_p125_weekly_more_resist,
420,421,15,-0.3488757547125251,105,TTTTTHTHHTHTTHH,spatial_p125_weekly_more_resist,
421,422,18,-0.049120731655863364,126,TTTTHTHHTTTTHHTTTH,spatial_p125_weekly_more_resist,
422,423,20,0.20120369873182237,140,HTTHTTTTTHTTTHTHTHTH,spatial_p125_weekly_more_resist,
423,424,11,-0.29930033241426435,77,TTHHTTHTTHH,spatial_p125_weekly_more_resist,
424,425,9,-0.49945517646825366,63,TTHHHTHTH,spatial_p125_weekly_more_resist,
425,426,4,-1.0497450184994999,28,HHHH,spatial_p125_weekly_more_resist,
426,427,13,-0.5491754378558324,91,THHHTTHTTTTHH,spatial_p125_weekly_more_resist,
427,428,5,-0.44974003899765,35,THHHH,spatial_p125_weekly_more_resist,
428,429,8,-1.0994551284810519,56,HHTHTHTH,spatial_p125_weekly_more_resist,
429,430,5,-0.9497250304981001,35,HHHTH,spatial_p125_weekly_more_resist,
430,431,19,-0.8986060779549495,133,HHTTTTHTTTHHTTTTTHH,spatial_p125_weekly_more_resist,
431,432,22,0.4010036328966573,154,TTTTTTTTHHTTTHHTHTTHTH,spatial_p125_weekly_more_resist,
432,434,20,0.6506489122302895,140,TTTTTHTTTTTTHTTTHHHH,spatial_p125_weekly_more_resist,
433,434,8,-0.5994701504765522,56,THHHTTHH,spatial_p125_weekly_more_resist,
434,435,24,0.6008436674583381,168,THHTTTTTTTTHTTHTTTHHTTTH,spatial_p125_weekly_more_resist,
435,436,9,-0.4993152444543051,63,THTHTTHHH,spatial_p125_weekly_more_resist,
436,437,23,0.5005491655846188,161,TTTTHHTTHTHTTHTTTTHTTTH,spatial_p125_weekly_more_resist,
437,438,10,-0.8992802534436083,70,HTHTHTTTHH,spatial_p125_weekly_more_resist,
438,439,15,-0.3489256817496136,105,HTTTHTTHTTHTHTH,spatial_p125_weekly_more_resist,
439,440,13,-0.5489505638229876,91,THHTTHTTTHTHH,spatial_p125_weekly_more_resist,
440,441,13,-0.04925049333208689,91,TTTHTTTHHHTHH,spatial_p125_weekly_more_resist,
441,442,14,-0.4491204663498347,98,TTHHTTHHTTHTTH,spatial_p125_weekly_more_resist,
442,444,8,-0.5994701414797019,56,THHTHHTH,spatial_p125_weekly_more_resist,
443,444,19,0.10117875719473846,133,TTTHTTHHTHTTTTTTHHH,spatial_p125_weekly_more_resist,
444,445,14,0.050729472194503494,98,TTHTTTHTTHHHTH,spatial_p125_weekly_more_resist,
445,447,9,-0.4993702199589548,63,TTHTHHTHH,spatial_p125_weekly_more_resist,
446,447,17,0.35052445376291663,119,TTTTTHTHTTHHHTTTH,spatial_p125_weekly_more_resist,
447,448,12,-0.1492054618605267,84,TTHHTTTHTHHH,spatial_p125_weekly_more_resist,
448,450,5,-0.94968003949765,35,HHTHH,spatial_p125_weekly_more_resist,
449,450,4,-1.0497450184994999,28,HHHH,spatial_p125_weekly_more_resist,
450,452,8,-0.5994301629752523,56,THTHHTHH,spatial_p125_weekly_more_resist,
451,452,9,-0.49937521895900483,63,TTTHHHTHH,spatial_p125_weekly_more_resist,
452,453,10,-0.8994601769611558,70,HHTHTTHTTH,spatial_p125_weekly_more_resist,
453,454,19,0.5506490900424431,133,TTTHTTTHTTTTTHTHHTH,spatial_p125_weekly_more_resist,
454,455,11,-0.2993802654363102,77,HTTHTTHHTTH,spatial_p125_weekly_more_resist,
455,457,12,-0.6491553928870722,84,HTHHTTHTTTHH,spatial_p125_weekly_more_resist,
456,457,9,-0.499410194465554,63,TTHHTHHTH,spatial_p125_weekly_more_resist,
457,458,13,-0.5488806218027922,91,TTHTTHHTTTHHH,spatial_p125_weekly_more_resist,
458,459,8,-1.0992751869725024,56,HTHTTHHH,spatial_p125_weekly_more_resist,
459,460,15,0.15080430329926736,105,TTTHTTTTTHHTHHH,spatial_p125_weekly_more_resist,
460,461,15,0.1507593817520831,105,THTTHTTTHTTHHTH,spatial_p125_weekly_more_resist,
461,462,15,-0.8489956037647146,105,HHTTTTHHTTTTTHH,spatial_p125_weekly_more_resist,
462,463,5,-0.94968003949765,35,HHTHH,spatial_p125_weekly_more_resist,
463,464,4,-1.0497450184994999,28,HHHH,spatial_p125_weekly_more_resist,
464,465,8,-0.5994701404797519,56,HTTHHHTH,spatial_p125_weekly_more_resist,
465,466,14,-0.4491054903340398,98,HTHTTHTHTTTHTH,spatial_p125_weekly_more_resist,
466,467,14,-0.44893064777105507,98,THHTTHTTTTHTHH,spatial_p125_weekly_more_resist,
467,468,15,-0.3488907352199232,105,TTHTHTTHTTHTTHH,spatial_p125_weekly_more_resist,
468,469,13,-0.5488706253023418,91,TTHHTTHTTTHHH,spatial_p125_weekly_more_resist,
469,470,12,-0.1492304493632764,84,TTHTTTTHHHHH,spatial_p125_weekly_more_resist,
470,471,17,-0.14908068270414063,119,THTTTHTHTTHTTHTTH,spatial_p125_weekly_more_resist,
471,472,15,0.15069441574313466,105,TTTTTTTHTHHHHTH,spatial_p125_weekly_more_resist,
472,473,23,0.5008487283942765,161,TTTHTTTHTTHTHTTTHTTTHTH,spatial_p125_weekly_more_resist,
473,474,30,1.1995448194214742,210,TTHTTTHTTTTHHTTTTTHTHTTTTTTTTH,spatial_p125_weekly_more_resist,
474,475,4,-1.0497450184994999,28,HHHH,spatial_p125_weekly_more_resist,
475,476,9,-0.4993152444543051,63,THTHTTHHH,spatial_p125_weekly_more_resist,
476,477,17,-0.14880101451790517,119,THTHTTTHTTTTTTHHH,spatial_p125_weekly_more_resist,
477,478,26,0.8008082914611769,182,TTHTTTTTHHTTTTTTTHHTTTTTHH,spatial_p125_weekly_more_resist,
478,479,22,0.8504889263167581,154,HTTHTTTTTTTTTHTTHTTTHH,spatial_p125_weekly_more_resist,
479,480,13,-0.04919553531584048,91,THTTTTTHHTHHH,spatial_p125_weekly_more_resist,
480,481,14,0.05081437624069058,98,TTTTHTHTHTTHHH,spatial_p125_weekly_more_resist,
481,482,9,-0.999430164969554,63,HHTHTTHTH,spatial_p125_weekly_more_resist,
482,483,10,-0.39934026544095835,70,HTTHTHTTHH,spatial_p125_weekly_more_resist,
483,484,5,-0.44974003899765,35,THHHH,spatial_p125_weekly_more_resist,
484,485,18,-0.4985510810023648,126,HTTTHTTHTTHHTTTTHH,spatial_p125_weekly_more_resist,
485,486,11,-0.29929532242026285,77,HTTTHTTHHTH,spatial_p125_weekly_more_resist,
486,487,21,-0.1990009134535892,147,THTTTTHHHTHTTTTTTTHTH,spatial_p125_weekly_more_resist,
487,489,4,-1.0497450184994999,28,HHHH,spatial_p125_weekly_more_resist,
488,489,13,-0.04918054081459067,91,HTTTTHTTHTHHH,spatial_p125_weekly_more_resist,
489,490,16,-0.24902067972687605,112,TTHHTTHTTTTHHTTH,spatial_p125_weekly_more_resist,
490,491,9,-0.4994401914628045,63,HTHHTTTHH,spatial_p125_weekly_more_resist,
491,492,15,0.15068443822943886,105,TTTTHTHTTHHTHTH,spatial_p125_weekly_more_resist,
492,493,9,-0.4993602204589548,63,HTTTHHTHH,spatial_p125_weekly_more_resist,
493,494,11,-0.7491103599124647,77,HTTHHTHTTHH,spatial_p125_weekly_more_resist,
494,495,19,0.050904118986013054,133,TTHTTTHTHTHTTTTTTHH,spatial_p125_weekly_more_resist,
495,497,23,0.9503239758400261,161,TTTTTTHHTTTTTHTTTHTTHTH,spatial_p125_weekly_more_resist,
496,497,15,0.15065946871559216,105,TTTHHTTTHHTTHTH,spatial_p125_weekly_more_resist,
497,498,13,-0.5490854513652783,91,THHTTHTHTTHTH,spatial_p125_weekly_more_resist,
498,499,4,-1.0497450184994999,28,HHHH,spatial_p125_weekly_more_resist,
499,500,10,-0.3993602534461075,70,TTTHHTHHTH,spatial_p125_weekly_more_resist,
500,501,16,-0.2490206497475695,112,HTTTTHTTHHTTHTTH,spatial_p125_weekly_more_resist,
501,502,14,0.05071450018155657,98,HTTTHTTHTHTHTH,spatial_p125_weekly_more_resist,
502,503,14,-0.9490505672917512,98,HHHTTTTTTHTTHH,spatial_p125_weekly_more_resist,
503,504,27,1.3499438423000156,189,TTTTTTHTTHTHTTTTTTTTTHTTHTH,spatial_p125_weekly_more_resist,
504,505,16,-0.7489057177106317,112,HHTTTTTHTTHTTHTH,spatial_p125_weekly_more_resist,
505,506,10,-0.8993702084571059,70,HHTTTHHTTH,spatial_p125_weekly_more_resist,
506,507,5,-0.94968003949765,35,HHTHH,spatial_p125_weekly_more_resist,
507,508,11,-0.29930033141441426,77,THTTHTHTTHH,spatial_p125_weekly_more_resist,
508,509,9,-0.4993402379549551,63,TTTTHHHHH,spatial_p125_weekly_more_resist,
509,510,7,-0.6995500949892508,49,THHHHTH,spatial_p125_weekly_more_resist,
510,511,10,-0.3993002879364589,70,THTHTTHTHH,spatial_p125_weekly_more_resist,
511,512,25,0.7006088024719713,175,TTTHTHTTHTTTTHTHTTTTTTHTH,spatial_p125_weekly_more_resist,
512,513,18,0.45070414747103127,126,THTTTHTTTTTTHHTTHH,spatial_p125_weekly_more_resist,
513,514,8,-0.5993901804725523,56,TTHHTHHH,spatial_p125_weekly_more_resist,
514,515,26,1.249949062012274,182,TTHTTTTTTTTHTTTTHTHTTTTHTH,spatial_p125_weekly_more_resist,
515,516,7,-1.1994901044870008,49,HHHTTHH,spatial_p125_weekly_more_resist,
516,517,9,-0.9994751424740534,63,HHTHTHTTH,spatial_p125_weekly_more_resist,
517,518,8,-1.099410141979702,56,HHTTHHTH,spatial_p125_weekly_more_resist,
518,519,13,-0.5493103523832764,91,THHHHTTTTTHTH,spatial_p125_weekly_more_resist,
519,520,8,-0.5993851794727023,56,HTTTHHHH,spatial_p125_weekly_more_resist,
520,521,20,-0.29898086951364766,140,THTHTHTTHTHTTTTTTHTH,spatial_p125_weekly_more_resist,
521,522,17,-0.5986659275936275,119,HTTTHHTTHTTHTTTHH,spatial_p125_weekly_more_resist,
522,523,16,0.25084419087898535,112,THTTHTTTTHTTTHHH,spatial_p125_weekly_more_resist,
523,524,25,1.150388491932468,175,TTHHTTTTTTHTTTTTTTTTTTHHH,spatial_p125_weekly_more_resist,
524,525,12,-0.6489205238566261,84,TTTHTTHHHTHH,spatial_p125_weekly_more_resist,
525,526,10,-0.3993452549460573,70,HTTTHTHHTH,spatial_p125_weekly_more_resist,
526,528,18,0.45062920894184066,126,TTTTTTHHTTTHHTTTHH,spatial_p125_weekly_more_resist,
527,528,11,-0.7492453069209637,77,THHHHTTTTHH,spatial_p125_weekly_more_resist,
528,529,9,-0.49950015397275316,63,TTHHHHTTH,spatial_p125_weekly_more_resist,
529,530,15,-0.34910052131739616,105,HTTHTTHTTHHTTTH,spatial_p125_weekly_more_resist,
530,531,15,0.15063948570579624,105,TTTTTHHTHTHHTTH,spatial_p125_weekly_more_resist,
531,532,23,0.9501941881699146,161,TTTTTHTTTTTTTTHHTHHTTTH,spatial_p125_weekly_more_resist,
532,533,13,-0.5489555628230377,91,THTHTHTTTHTHH,spatial_p125_weekly_more_resist,
533,535,8,-0.5993901794727023,56,THTTHHHH,spatial_p125_weekly_more_resist,
534,536,10,-0.8994601769611558,70,HHTHTTHTTH,spatial_p125_weekly_more_resist,
535,536,21,-0.19887628070398716,147,HHTTTTTTTHTHTTTHTTTHH,spatial_p125_weekly_more_resist,
536,537,9,-0.4994101934657039,63,THTTHHHTH,spatial_p125_weekly_more_resist,
537,539,18,-0.4987358990930847,126,HTTTTHHTTHHTTTTHTH,spatial_p125_weekly_more_resist,
538,539,18,0.4507391369661869,126,HTHTTTTTTHTTTTHHTH,spatial_p125_weekly_more_resist,
539,540,12,-0.6490254513762732,84,THHTTHTHTTHH,spatial_p125_weekly_more_resist,
540,541,14,-0.4489256207886,98,HTHTTTTHHTTTHH,spatial_p125_weekly_more_resist,
541,542,17,-0.14911064571988714,119,HTTHTTTHTHTTTHTTH,spatial_p125_weekly_more_resist,
542,543,14,0.05064455215991252,98,TTTHTHTTHHHTTH,spatial_p125_weekly_more_resist,
543,544,14,0.05079938523824097,98,TTTTTHTHTHTHHH,spatial_p125_weekly_more_resist,
544,545,20,0.20096898256223633,140,TTHHTTTTTHHTTTHTHTTH,spatial_p125_weekly_more_resist,
545,546,21,-0.19831180389816144,147,HTTTHTHTTTTTTTTHTTHHH,spatial_p125_weekly_more_resist,
546,548,4,-1.0497450184994999,28,HHHH,spatial_p125_weekly_more_resist,
547,548,17,-0.14882595706338653,119,THTTTTTTHHTTHTTHH,spatial_p125_weekly_more_resist,
548,549,16,0.2507592983157577,112,TTHHTTTTHTTTHHTH,spatial_p125_weekly_more_resist,
549,550,14,-0.4492953768682829,98,THTHHHTTTTHTTH,spatial_p125_weekly_more_resist,
550,551,8,-0.5994651504765522,56,HTHHTTHH,spatial_p125_weekly_more_resist,
551,552,9,0.00037483403524565806,63,THTTTHHHH,spatial_p125_weekly_more_resist,
552,553,8,-0.5993801809725523,56,HTTHTHHH,spatial_p125_weekly_more_resist,
553,555,11,-0.29929533291426447,77,THTHTTHTTHH,spatial_p125_weekly_more_resist,
554,555,17,-0.5986609470781828,119,HTTHTHTHTTTTHTTHH,spatial_p125_weekly_more_resist,
555,556,15,0.1507893092983174,105,TTTTTTHTTHHTHHH,spatial_p125_weekly_more_resist,
556,557,10,-0.39926031342985957,70,THTTHTTHHH,spatial_p125_weekly_more_resist,
557,558,12,-0.6490654243830223,84,HTHTTHHTTTHH,spatial_p125_weekly_more_resist,
558,559,17,-0.5987558796056254,119,THTHHTTHTTTHTTTHH,spatial_p125_weekly_more_resist,
559,560,11,-0.2993253149212628,77,TTTTHTHHHTH,spatial_p125_weekly_more_resist,
560,561,13,-0.04927546834208468,91,TTTHHTTHHTTHH,spatial_p125_weekly_more_resist,
561,562,18,0.4505443483559226,126,HTTTTHTTTHHTTTTHTH,spatial_p125_weekly_more_resist,
562,563,5,-0.44973503899765,35,HTHHH,spatial_p125_weekly_more_resist,
563,565,12,-0.6489405043623748,84,THTHTTHTHTHH,spatial_p125_weekly_more_resist,
564,565,9,-0.49945517646825366,63,TTHHHTHTH,spatial_p125_weekly_more_resist,
565,567,20,-0.3493206146449464,140,HHTTTTTHTHTTTTTHTTTH,spatial_p125_weekly_more_resist,
566,567,13,-0.04927046534283447,91,HTTTTTHHHTTHH,spatial_p125_weekly_more_resist,
567,568,9,-0.4995301419740533,63,HTHHTHTTH,spatial_p125_weekly_more_resist,
568,569,7,-0.6994651254852507,49,THTHHHH,spatial_p125_weekly_more_resist,
569,570,14,0.05085436974049076,98,HHTTTTTTTHTHHH,spatial_p125_weekly_more_resist,
570,571,14,-0.44907549484083664,98,HTTTTHHTHTHTTH,spatial_p125_weekly_more_resist,
571,572,17,0.3507142313842264,119,TTTTHTTHTHTTTHHTH,spatial_p125_weekly_more_resist,
572,574,18,-0.49885580014071773,126,HTHTHTTTTHHTTTHTTH,spatial_p125_weekly_more_resist,
573,574,22,0.4005492969528447,154,THTTTHTHTHTTHTTTHTTTTH,spatial_p125_weekly_more_resist,
574,575,13,-0.5490205128410841,91,TTTHTHHHTTTHH,spatial_p125_weekly_more_resist,
575,576,20,-0.2983965261402888,140,THTHTTTHTTTHTTTTTHHH,spatial_p125_weekly_more_resist,
576,577,16,-0.24924048530530685,112,HTTTHHTTHTTHTTTH,spatial_p125_weekly_more_resist,
577,578,15,0.15077434427702416,105,TTHTTTTHTTHHTHH,spatial_p125_weekly_more_resist,
578,579,13,-1.0493852674125201,91,HHHTHTTTHTTTH,spatial_p125_weekly_more_resist,
579,580,11,-0.749020405902965,77,THHTTHTHTHH,spatial_p125_weekly_more_resist,
580,581,30,0.700024377787605,210,HTTTHHTTTTTTHTTTTTTHTTTHTTTTTT,spatial_p125_weekly_more_resist,
581,582,6,-0.7995500799932501,42,THHHHH,spatial_p125_weekly_more_resist,
582,583,8,-0.5995551099837515,56,HTHHHTTH,spatial_p125_weekly_more_resist,
583,584,4,-1.0497450184994999,28,HHHH,spatial_p125_weekly_more_resist,
584,585,16,0.2507542998156077,112,TTHTHTTTHTTTHHTH,spatial_p125_weekly_more_resist,
585,586,9,-0.49961511547720316,63,HHHTHTTTH,spatial_p125_weekly_more_resist,
586,587,5,-0.44973503899765,35,HTHHH,spatial_p125_weekly_more_resist,
587,588,15,-0.8489556172597659,105,THHTTHTTHTTTTHH,spatial_p125_weekly_more_resist,
588,589,15,-0.3490256047784073,105,TTHTHTTHHTTTHTH,spatial_p125_weekly_more_resist,
589,590,8,-0.5993801819725023,56,THHTTHHH,spatial_p125_weekly_more_resist,
590,592,15,-0.3490955313096989,105,HTHTTTHTHTTHTTH,spatial_p125_weekly_more_resist,
591,592,17,-0.14907575663906858,119,THTTHHTTTTHTTTTHH,spatial_p125_weekly_more_resist,
592,593,17,-0.14886098452485447,119,TTTHHTHTTTTTTTHHH,spatial_p125_weekly_more_resist,
593,594,7,-0.6995051129865509,49,THHHTHH,spatial_p125_weekly_more_resist,
594,595,10,-1.3491002939391081,70,HHTTHHTTHH,spatial_p125_weekly_more_resist,
595,596,14,-0.4490455563053475,98,TTTHTHHHTTTTHH,spatial_p125_weekly_more_resist,
596,597,11,-0.2993802744313616,77,HTTHTHTTHTH,spatial_p125_weekly_more_resist,
597,598,13,-0.5489055853185382,91,HTTHTTHTTHTHH,spatial_p125_weekly_more_resist,
598,599,4,-1.0497450184994999,28,HHHH,spatial_p125_weekly_more_resist,
599,600,21,-0.1985963722066236,147,THTTTTHHTTTHTTTTHTHTH,spatial_p125_weekly_more_resist,
600,602,13,-0.5490804513652783,91,HTHTTHTHTTHTH,spatial_p125_weekly_more_resist,
601,602,19,0.1009940439998196,133,HTTTTTTTHHHTHTTTHTH,spatial_p125_weekly_more_resist,
602,603,5,-0.94968003949765,35,HHTHH,spatial_p125_weekly_more_resist,
603,604,11,-0.29934031041876386,77,THTHTHTTTHH,spatial_p125_weekly_more_resist,
604,605,9,-0.49939519596550397,63,HTHTTHHTH,spatial_p125_weekly_more_resist,
605,606,18,0.4506941619576391,126,THTTTTTHTTTTHTHHTH,spatial_p125_weekly_more_resist,
606,607,21,0.3008489891186391,147,TTTHTTHTTTHHHTTTTTHTH,spatial_p125_weekly_more_resist,
607,608,17,0.35083409596339676,119,TTHTHTTTHTTTTTHHH,spatial_p125_weekly_more_resist,
608,609,26,-0.1495056304569803,182,HHHTTHTTTTHTTTHTTTTHTTTTTH,spatial_p125_weekly_more_resist,
609,610,7,-1.1994901044870008,49,HHHTTHH,spatial_p125_weekly_more_resist,
610,611,22,0.4008888562211398,154,TTTHTHTTTHTTTHHTTTHTTH,spatial_p125_weekly_more_resist,
611,612,5,-0.44974003899765,35,THHHH,spatial_p125_weekly_more_resist,
612,613,7,-0.6995001129865509,49,HTHHTHH,spatial_p125_weekly_more_resist,
613,614,8,-1.099500119481502,56,HHHTTHTH,spatial_p125_weekly_more_resist,
614,615,17,0.3508191029616471,119,TTTHTHTTTHTTTTHHH,spatial_p125_weekly_more_resist,
615,616,15,0.15069443473028865,105,TTHTTTTHHTHTHTH,spatial_p125_weekly_more_resist,
616,617,18,0.450704108502069,126,TTTTTTTHHTTTHTHTHH,spatial_p125_weekly_more_resist,
617,618,5,-0.44973503899765,35,HTHHH,spatial_p125_weekly_more_resist,
618,619,9,-0.4993202429544551,63,THTTHTHHH,spatial_p125_weekly_more_resist,
619,621,9,-0.4994001959655039,63,THHTTHHTH,spatial_p125_weekly_more_resist,
620,621,16,-0.24893075969058706,112,THTTHTTHTTTHTHTH,spatial_p125_weekly_more_resist,
621,622,8,-0.5994701504765522,56,THHHTTHH,spatial_p125_weekly_more_resist,
622,623,14,-0.4490255553121939,98,HTTTHHTTTHTHTH,spatial_p125_weekly_more_resist,
623,624,21,0.3010786328765723,147,TTTHTTTHHTHTTTTTTHTHH,spatial_p125_weekly_more_resist,
624,625,13,-0.5489605478312856,91,THTTHTHTHTTHH,spatial_p125_weekly_more_resist,
625,626,14,-0.449065575791301,98,THHHTTTTTHTTHH,spatial_p125_weekly_more_resist,
626,627,8,-0.5993851809725523,56,THTHTHHH,spatial_p125_weekly_more_resist,
627,628,14,-0.4489805957959978,98,HTTTHHTTTTHHTH,spatial_p125_weekly_more_resist,
628,629,10,-0.899195293936409,70,THHTTTHTHH,spatial_p125_weekly_more_resist,
629,630,20,0.20105381769012787,140,TTTHTHTHTHTTTTTTHHTH,spatial_p125_weekly_more_resist,
630,631,20,-0.7990957270932119,140,HHTTHHTTTTTTHTTHTTTH,spatial_p125_weekly_more_resist,
631,632,21,0.3009738876511887,147,THTHTTTTHTTTHTHTTHTTH,spatial_p125_weekly_more_resist,
632,633,19,-0.3987759870053762,133,TTHTTHHHTTTTTTHHTTH,spatial_p125_weekly_more_resist,
633,634,21,-0.1985863971881301,147,HTTTTHHTTTTTHTTTHTHTH,spatial_p125_weekly_more_resist,
634,635,16,-0.24910559476331698,112,THTHTTHTTHTTHTTH,spatial_p125_weekly_more_resist,
635,636,26,1.300163597462698,182,HTTTTTTTHHTTTTHTTTTTTTHTHH,spatial_p125_weekly_more_resist,
636,637,13,-1.0488905868094913,91,HHTTHTTTTTHHH,spatial_p125_weekly_more_resist,
637,638,18,-0.9988458141137314,126,HHTHTTTTHTHTTTTHTH,spatial_p125_weekly_more_resist,
638,639,22,0.4006841360505562,154,HTTTHTTTTHHTTHTTTHTTTH,spatial_p125_weekly_more_resist,
639,640,9,-0.4995301419740533,63,HTHHTHTTH,spatial_p125_weekly_more_resist,
640,641,16,-1.1986808571458512,112,HHHTTTTTHTTHTTHH,spatial_p125_weekly_more_resist,
641,643,12,-0.6491353798994687,84,TTTHHHHTTHTH,spatial_p125_weekly_more_resist,
642,643,8,-0.5994251629752523,56,HTTHHTHH,spatial_p125_weekly_more_resist,
643,644,10,-0.39929528793645885,70,HTTHTTHTHH,spatial_p125_weekly_more_resist,
644,645,17,-0.14913569916371253,119,TTTHTHHTHTTTTTTHH,spatial_p125_weekly_more_resist,
645,646,9,-0.9995201334745033,63,HHHTTHTTH,spatial_p125_weekly_more_resist,
646,647,19,-0.39891102694005964,133,HHTTTTTHHTTTTHTTTHH,spatial_p125_weekly_more_resist,
647,648,11,-0.7491953249182639,77,HTHHTHTTTHH,spatial_p125_weekly_more_resist,
648,649,9,-0.4993302414545051,63,TTTHHTHHH,spatial_p125_weekly_more_resist,
649,650,26,0.8005686427322691,182,THTHTTTTTHTHTTTTTTHTTTTTHH,spatial_p125_weekly_more_resist,
650,651,32,1.8486351936689838,224,HTTTHTTTTHTTHTTTTTTTTTTTTTTTHTTH,spatial_p125_weekly_more_resist,
651,652,20,0.2010288861242116,140,TTTTHTTHTHTTHHTTTHTH,spatial_p125_weekly_more_resist,
652,653,20,0.15082415697241497,140,TTHTTHTTHTTTHTTTHTTH,spatial_p125_weekly_more_resist,
653,654,10,-0.3995301659643554,70,TTHHHHTTTH,spatial_p125_weekly_more_resist,
654,655,19,0.5505193058995501,133,HTTHTTTTTTHTHTTHTTH,spatial_p125_weekly_more_resist,
655,656,14,-0.4488107217513574,98,HTTTTTHTHTHTHH,spatial_p125_weekly_more_resist,
656,657,7,-0.6994551264852008,49,HTHTHHH,spatial_p125_weekly_more_resist,
657,658,30,1.6490248672328993,210,TTHTTTTTTTHTHHTTTTTTTTTTTTHTTH,spatial_p125_weekly_more_resist,
658,659,9,-0.49932524095475506,63,THTTTHHHH,spatial_p125_weekly_more_resist,
659,660,20,0.6504092614874956,140,TTTTTTTHTHTHHTTTTHTH,spatial_p125_weekly_more_resist,
660,661,24,0.6011430989520656,168,TTHTTTHTTHTTTTTTHTTTHTHH,spatial_p125_weekly_more_resist,
661,662,18,0.4507291344675368,126,TTHHTTTTHTTTTTHHTH,spatial_p125_weekly_more_resist,
662,663,30,0.7002088638588677,210,HTTHHTTTTTTHTTTTTTTTTTTHTHTTTH,spatial_p125_weekly_more_resist,
663,664,7,-0.6994651254852507,49,THTHHHH,spatial_p125_weekly_more_resist,
664,665,19,-0.3988159125608537,133,TTHTHHTTTTHHTTTHTTH,spatial_p125_weekly_more_resist,
665,666,7,-0.6995051129865509,49,THHHTHH,spatial_p125_weekly_more_resist,
666,667,26,1.2497843557294523,182,TTTTTTTTHTTTTHHTTTHTHTTTTH,spatial_p125_weekly_more_resist,
667,668,18,0.45071913097812943,126,TTHTHTTTTHTTTHTTHH,spatial_p125_weekly_more_resist,
668,669,10,0.10036979755179216,70,TTTHTTHHHH,spatial_p125_weekly_more_resist,
669,670,9,-0.49942019196575393,63,TTTHHHHTH,spatial_p125_weekly_more_resist,
670,671,9,-0.49939519596550397,63,HTHTTHHTH,spatial_p125_weekly_more_resist,
671,672,13,-0.5492154153603319,91,HTHHTHTTTTTHH,spatial_p125_weekly_more_resist,
672,673,20,-0.29866117637054035,140,THHTTTHTTTHTTTHTTHTH,spatial_p125_weekly_more_resist,
673,674,16,-0.24891079716729594,112,TTTTHTHTHTHTTTHH,spatial_p125_weekly_more_resist,
674,675,14,-0.4490355593049975,98,TTHTHTHHTTTTHH,spatial_p125_weekly_more_resist,
675,676,14,-0.4491104903340398,98,THHTTHTHTTTHTH,spatial_p125_weekly_more_resist,
676,677,32,0.8993552082516404,224,TTTTTTHHHTHTTTHTTTTTTTTTHTTTTTTH,spatial_p125_weekly_more_resist,
677,678,11,-0.24926537440046634,77,TTTTHHTHHHH,spatial_p125_weekly_more_resist,
678,679,9,-0.9994751559700038,63,HHHTTTHTH,spatial_p125_weekly_more_resist,
679,680,8,-0.5993951789727022,56,TTHTHHHH,spatial_p125_weekly_more_resist,
680,681,14,-0.44922041436128357,98,TTTHHHHTTTHTTH,spatial_p125_weekly_more_resist,
681,682,8,-0.5994801399797519,56,TTHHHHTH,spatial_p125_weekly_more_resist,
682,683,10,-0.3993802484436082,70,HTHTHTTTHH,spatial_p125_weekly_more_resist,
683,684,17,0.3506243578131506,119,HTTTTTTTTHTHHHTTH,spatial_p125_weekly_more_resist,
684,685,15,-0.3491904458461398,105,THHTTTHTHHTTTTH,spatial_p125_weekly_more_resist,
685,686,24,1.0500393066302096,168,TTTHTTTTTHHTTTTHTTTHTTTH,spatial_p125_weekly_more_resist,
686,687,11,-0.2992003913980667,77,HTTHTTTTHHH,spatial_p125_weekly_more_resist,
687,688,18,-0.049080760147164865,126,TTTTHTTHHTTTHHTTTH,spatial_p125_weekly_more_resist,
688,689,10,-0.8992802669409087,70,HHTTTHTTHH,spatial_p125_weekly_more_resist,
689,690,8,-0.5994201639752023,56,HTHTHTHH,spatial_p125_weekly_more_resist,
690,691,11,-1.2489154288984659,77,HHTTTTHHTHH,spatial_p125_weekly_more_resist,
691,692,10,-0.39947020345440676,70,HTHHTTTHTH,spatial_p125_weekly_more_resist,
692,693,24,0.6008934466990875,168,TTTTTTTHTTTHTHHTTTHTTTHT,spatial_p125_weekly_more_resist,
693,694,18,0.4507890235493015,126,TTHTTTHTTTTHTTTHHH,spatial_p125_weekly_more_resist,
694,695,30,1.1491054420102007,210,THTTTTTHHTTTHTTTTTTHTTTTTTTTTH,spatial_p125_weekly_more_resist,
695,696,16,-0.24924050329001263,112,HTTTHHTHTTTTHTTH,spatial_p125_weekly_more_resist,
696,697,20,0.6505591205599712,140,HTTTTHTTTTHTTTHTTHTH,spatial_p125_weekly_more_resist,
697,698,13,-0.5492203793855245,91,THHHTTTHTHTTH,spatial_p125_weekly_more_resist,
698,699,9,-0.4994001959655039,63,THHTTHHTH,spatial_p125_weekly_more_resist,
699,700,23,0.9501792146545677,161,TTTTHTTTTTHTTTHHTTTHTTH,spatial_p125_weekly_more_resist,
700,701,29,0.1504740895431635,203,TTHHTTHHTTHTTTTHTTTTTTTTTTHTH,spatial_p125_weekly_more_resist,
701,702,13,-0.5491304503545326,91,HTTHHTHTTTTHH,spatial_p125_weekly_more_resist,
702,703,18,0.45069915396113813,126,TTHTTTHTTTTHTTHHTH,spatial_p125_weekly_more_resist,
703,704,23,0.500544150126388,161,HTHTTTTHHTTTTHTTTTTHTTH,spatial_p125_weekly_more_resist,
704,705,15,-0.34928543133314593,105,THTHHTHTTTTHTTH,spatial_p125_weekly_more_resist,
705,706,9,-0.4993702199589548,63,TTHTHHTHH,spatial_p125_weekly_more_resist,
706,708,4,-1.0497450184994999,28,HHHH,spatial_p125_weekly_more_resist,
707,708,10,-0.3993002879364589,70,THTHTTHTHH,spatial_p125_weekly_more_resist,
708,709,14,-0.4490954918410365,98,TTTTHHHTHTHTTH,spatial_p125_weekly_more_resist,
709,710,14,-0.4489356182887999,98,HTTTHTTHHTTTHH,spatial_p125_weekly_more_resist,
710,711,7,-1.1994901044870008,49,HHHTTHH,spatial_p125_weekly_more_resist,
711,712,22,0.4010286149035055,154,TTTTHTTTTTHHTTHTHTTHTH,spatial_p125_weekly_more_resist,
712,713,9,-0.4993202439543051,63,TTHHTTHHH,spatial_p125_weekly_more_resist,
713,714,9,-0.49935022295875475,63,HTHTTHTHH,spatial_p125_weekly_more_resist,
714,715,9,-0.49935022295875475,63,HTHTTHTHH,spatial_p125_weekly_more_resist,
715,716,8,-0.5994701414797019,56,THHTHHTH,spatial_p125_weekly_more_resist,
716,717,18,0.4507141329778295,126,TTHTTHTTTHTTTHTTHH,spatial_p125_weekly_more_resist,
717,718,15,-0.349055549310597,105,THHTTTTHTHHTTTH,spatial_p125_weekly_more_resist,
718,719,17,-0.14928555224862916,119,HTHHTTTTTTHTHTTTH,spatial_p125_weekly_more_resist,
719,720,18,-0.04921061322169187,126,TTTHTTTHHTHTHTTTTH,spatial_p125_weekly_more_resist,
720,721,30,1.1998541531063154,210,TTTTHTTTTTTTHHTHTHTTTTTTTTHTTH,spatial_p125_weekly_more_resist,
721,722,15,0.1507993307805235,105,TTHHTTTTTHTHTHH,spatial_p125_weekly_more_resist,
722,723,19,-0.3988858975336729,133,HTHTTHHTTTTTHTTTHTH,spatial_p125_weekly_more_resist,
723,724,16,-0.24902565874082186,112,THTTTHTHTTHTHTTH,spatial_p125_weekly_more_resist,
724,725,15,-0.8492653653668368,105,HHTTTHHTTHTTTTH,spatial_p125_weekly_more_resist,
725,726,20,0.20110382515714936,140,HTTHTTTTTTTHHTHTTHTH,spatial_p125_weekly_more_resist,
726,727,18,-0.0491759159933817,126,HHTTTTTTTTTTHTHTHH,spatial_p125_weekly_more_resist,
727,728,13,-0.5488406462965426,91,TTHTTTHHTTHHH,spatial_p125_weekly_more_resist,
728,729,9,-0.49953514197405335,63,THHHTHTTH,spatial_p125_weekly_more_resist,
729,730,17,0.3504395677069826,119,HTTTHTTTHHTHTTTTH,spatial_p125_weekly_more_resist,
730,731,8,-0.5994351624752523,56,TTHHHTHH,spatial_p125_weekly_more_resist,
731,732,9,-0.4993152444543051,63,THTHTTHHH,spatial_p125_weekly_more_resist,
732,733,13,-0.5490904488654784,91,HTTTHHTHTTHTH,spatial_p125_weekly_more_resist,
733,734,11,-0.29925535940751524,77,TTHHTTTHTHH,spatial_p125_weekly_more_resist,
734,735,25,1.150133858633435,175,TTTTTTTTTTHTTHTTHTTHTTTHH,spatial_p125_weekly_more_resist,
735,736,19,-0.3987060369711457,133,HTHTTTHTTHTHTTTTTHH,spatial_p125_weekly_more_resist,
736,737,9,-0.9992952234587548,63,HHTTTHTHH,spatial_p125_weekly_more_resist,
737,738,14,-0.4493303913520381,98,HTHHHTTTTTTHTH,spatial_p125_weekly_more_resist,
738,739,18,0.45072406753405503,126,TTTTTTTTTHHTTHTHHH,spatial_p125_weekly_more_resist,
739,740,14,0.050764460696903116,98,HTHTTTTTHTHHTH,spatial_p125_weekly_more_resist,
740,741,12,-0.6488955403497776,84,THTHTTHTTHHH,spatial_p125_weekly_more_resist,
741,742,24,0.10125846105919091,168,HTTHTTTHTTTTTTHTTTHTHTTH,spatial_p125_weekly_more_resist,
742,743,25,-0.2986869149310156,175,THHTHTTTTTTTTHTTTTTTTTHHH,spatial_p125_weekly_more_resist,
743,744,16,-0.24910563973407548,112,THTHHTTTTTTHHTTH,spatial_p125_weekly_more_resist,
744,745,15,-0.34906561526341195,105,TTHHHTTTTTHTHTH,spatial_p125_weekly_more_resist,
745,746,13,-0.5491254513544827,91,HTHTHTHTTTTHH,spatial_p125_weekly_more_resist,
746,747,14,-0.4489805972958476,98,THTHTHTTTTHHTH,spatial_p125_weekly_more_resist,
747,748,4,-1.0497450184994999,28,HHHH,spatial_p125_weekly_more_resist,
748,749,25,0.7012676594360024,175,HTTTTTHTTTTTTHTTTTTTHTHHH,spatial_p125_weekly_more_resist,
749,750,19,-0.39888092050444013,133,HHTTTHHTTTTHTTTTTHH,spatial_p125_weekly_more_resist,
750,751,4,-1.0497450184994999,28,HHHH,spatial_p125_weekly_more_resist,
751,752,16,0.25053453769999146,112,THTTHTTTHHTHTTTH,spatial_p125_weekly_more_resist,
752,753,21,0.3009539261185559,147,HTTTHTTTTTTTHHHTHTTTH,spatial_p125_weekly_more_resist,
753,754,14,-0.44912048883408984,98,TTHHTHTHTTTHTH,spatial_p125_weekly_more_resist,
754,755,6,-1.2994900804932503,42,HHTHHH,spatial_p125_weekly_more_resist,
755,757,9,-0.4993602219588048,63,THTHTHTHH,spatial_p125_weekly_more_resist,
756,757,10,-0.3994302169530569,70,THHTHTTHTH,spatial_p125_weekly_more_resist,
757,758,8,-0.5994351624752523,56,TTHHHTHH,spatial_p125_weekly_more_resist,
758,759,26,1.2500588207364451,182,TTTTTTHTTTTHTTTTTHTTTHTHTH,spatial_p125_weekly_more_resist,
759,760,7,-0.6994551264852008,49,HTHTHHH,spatial_p125_weekly_more_resist,
760,762,15,-0.34923548180835295,105,THHTHTHTTTTTHTH,spatial_p125_weekly_more_resist,
761,762,8,-0.5994701504765522,56,THHHTTHH,spatial_p125_weekly_more_resist,
762,764,6,-0.8495850714937003,42,THHTHH,spatial_p125_weekly_more_resist,
763,764,23,0.5009585720134146,161,TTHTTTHTHTTTTHTTHTTTTHH,spatial_p125_weekly_more_resist,
764,765,5,-0.44973503899765,35,HTHHH,spatial_p125_weekly_more_resist,
765,766,14,-0.4490205623047976,98,THHTTTHHTTTTHH,spatial_p125_weekly_more_resist,
766,767,24,0.10125326934413839,168,HTTTHTTHTHTTTTTTTTTTTHHH,spatial_p125_weekly_more_resist,
767,768,16,0.25084918588053506,112,TTHHTTTTHTTTTHHH,spatial_p125_weekly_more_resist,
768,769,27,0.900129190854192,189,HTTTTTTHTHHTTTTHTTTTTTTHTTH,spatial_p125_weekly_more_resist,
769,770,20,-0.29910083501764173,140,HHTHTHTTTTTTTHTTHTTH,spatial_p125_weekly_more_resist,
770,771,9,-0.4994101934657039,63,THTTHHHTH,spatial_p125_weekly_more_resist,
771,772,22,-0.09863146458385061,154,HTHTTTHTTTTTHTTTTHTHTH,spatial_p125_weekly_more_resist,
772,773,8,-0.5994251639752023,56,THHTHTHH,spatial_p125_weekly_more_resist,
773,774,29,1.0994898350077376,203,TTTTTHTTHHHHTTTTTTTTTTTHTTTTT,spatial_p125_weekly_more_resist,
774,775,10,-0.39925531342985965,70,HTTTHTTHHH,spatial_p125_weekly_more_resist,
775,776,25,1.1002287841679244,175,TTTTTTTTHTTTHTTTTTTHTTTHH,spatial_p125_weekly_more_resist,
776,777,14,-0.44915044535428417,98,HTHTTHTHTTHTTH,spatial_p125_weekly_more_resist,
777,778,22,0.4007340895709506,154,HTTHTTTTTHTHTHTTTHTTTH,spatial_p125_weekly_more_resist,
778,779,11,-0.29930033141441426,77,THTTHTHTTHH,spatial_p125_weekly_more_resist,
779,780,7,-0.6995001129865509,49,HTHHTHH,spatial_p125_weekly_more_resist,
780,781,23,0.9504737530312193,161,HTTTTHTTTTTTTTTTTTHHTHH,spatial_p125_weekly_more_resist,
781,782,15,-0.3493054863089004,105,HHTTTTTTHHTHTTH,spatial_p125_weekly_more_resist,
782,783,20,0.20113874572041845,140,TTHTHTTTTTHTHTHTTTHH,spatial_p125_weekly_more_resist,
783,784,13,-0.04929044935228147,91,TTHTTTTHHHHTH,spatial_p125_weekly_more_resist,
784,785,10,-0.8994601949548567,70,HHHTTTTHTH,spatial_p125_weekly_more_resist,
785,786,7,-1.1994901044870008,49,HHHTTHH,spatial_p125_weekly_more_resist,
786,787,22,0.850488847397764,154,TTTTHTTTTTTTTHTTTHHTHH,spatial_p125_weekly_more_resist,
787,788,17,-0.09886592658882382,119,TTTTHHTTHTHTHTHTH,spatial_p125_weekly_more_resist,
788,789,20,-0.2988659185370717,140,TTTHTHHTTTHTHTTHTTTH,spatial_p125_weekly_more_resist,
789,790,17,-0.14903080261867394,119,TTHHTHTTTTTHTTTHH,spatial_p125_weekly_more_resist,
790,791,12,-0.6490304503763232,84,THTHTHTHTTHH,spatial_p125_weekly_more_resist,
791,792,15,0.15082929630026748,105,HTTTTTHTTTTHHHH,spatial_p125_weekly_more_resist,
792,793,12,-0.6491703644019686,84,TTHHHTHTTHTH,spatial_p125_weekly_more_resist,
793,794,7,-0.6995001129865509,49,HTHHTHH,spatial_p125_weekly_more_resist,
794,795,21,0.3008789426698574,147,HTTTHTTTTHHTHTTTTTTHH,spatial_p125_weekly_more_resist,
795,796,14,0.05070449119290195,98,HTTTTTHHHTTTHH,spatial_p125_weekly_more_resist,
796,797,19,0.10126866672823465,133,TTTTTHTTTHTHTHTHTHH,spatial_p125_weekly_more_resist,
797,798,10,-0.3993602524463573,70,TTHTTHHHTH,spatial_p125_weekly_more_resist,
798,799,10,-0.39935025494605736,70,THTTHTHHTH,spatial_p125_weekly_more_resist,
799,800,26,0.8009679787334802,182,TTTTHTTTTHHTTTTTTTTHHTTTHH,spatial_p125_weekly_more_resist,
